{
    "train_loss": [
        0.4679448908829125,
        0.31733471628462645,
        0.2848685042492846,
        0.2537704973973707,
        0.23304140111182708,
        0.21794845984140934,
        0.20170440156290712,
        0.2175564283163664,
        0.20355640010925974,
        0.20499601409337914,
        0.199270459088146,
        0.2010449023244203,
        0.17416867274776132,
        0.16699306256005395,
        0.15278964688487312,
        0.1591488037339595,
        0.15561674687168442,
        0.14729772725462512,
        0.15469852066320036,
        0.13493275058609888,
        0.12324224172705041,
        0.12169375477629203,
        0.12731346158132914,
        0.11878127866648515,
        0.11666518522527711,
        0.11412696010099439,
        0.10434900004488762,
        0.11069577959579743,
        0.10306277988712444,
        0.11383351356953172,
        0.09803208333946534,
        0.09635321950121895,
        0.10297345284270772,
        0.10022047581422776,
        0.09517135025489026,
        0.0899020552836498,
        0.08819998416673343,
        0.07440126437229459,
        0.07154724656305132,
        0.06758127108303214
    ],
    "train_acc": [
        0.8784157199877187,
        0.907276634940129,
        0.9183297513048818,
        0.9223211544365981,
        0.9275406816088425,
        0.9324531777709548,
        0.9370586429229352,
        0.933988332821615,
        0.9358305188824071,
        0.935216456862143,
        0.9349094258520111,
        0.9385937979735953,
        0.9410500460546515,
        0.9459625422167639,
        0.9533312864599325,
        0.9484187902978201,
        0.947497697267424,
        0.9511820693890083,
        0.9490328523180841,
        0.9557875345409886,
        0.9619281547436291,
        0.9613140927233651,
        0.960392999692969,
        0.959778937672705,
        0.9625422167638932,
        0.9640773718145532,
        0.9662265888854774,
        0.9640773718145532,
        0.9674547129260055,
        0.9631562787841572,
        0.9680687749462695,
        0.9711390850475898,
        0.9680687749462695,
        0.9692968989867977,
        0.9702179920171937,
        0.9708320540374578,
        0.9692968989867977,
        0.97420939514891,
        0.9775867362603623,
        0.9778937672704944
    ],
    "val_loss": [
        0.9533153882787272,
        0.34550833479027077,
        0.25428716785337296,
        0.21857409784398926,
        0.19888141970692969,
        0.1710251600464429,
        0.3932416162059351,
        0.17503419343862064,
        0.1889535337320866,
        0.1915533542267384,
        0.20329558037541395,
        0.30139157636765324,
        0.14482831313543343,
        0.14810888086177088,
        0.1522396853582168,
        0.15293674434255236,
        0.1457178586328322,
        0.1622827414491791,
        0.16825242788513745,
        0.15188984910220457,
        0.14191785521485323,
        0.16393127450090975,
        0.12906352576851113,
        0.1328172422922645,
        0.1380752696055759,
        0.12560317777554317,
        0.12898625755179788,
        0.12579821390699755,
        0.11920508773871726,
        0.1140537069299104,
        0.13730618219159862,
        0.14196575233952766,
        0.13374352560955688,
        0.12661052528723069,
        0.12951061044094023,
        0.12567561317829448,
        0.11338240962726938,
        0.13383719190452362,
        0.1372475817411041,
        0.1250076057286533
    ],
    "val_acc": [
        0.9006134969325154,
        0.9104294478527607,
        0.9300613496932515,
        0.9288343558282208,
        0.9337423312883436,
        0.9484662576687116,
        0.9153374233128835,
        0.9484662576687116,
        0.9386503067484663,
        0.9214723926380368,
        0.9374233128834356,
        0.8871165644171779,
        0.9570552147239264,
        0.950920245398773,
        0.9533742331288344,
        0.9521472392638037,
        0.9546012269938651,
        0.9496932515337423,
        0.939877300613497,
        0.9521472392638037,
        0.950920245398773,
        0.9546012269938651,
        0.9595092024539877,
        0.9533742331288344,
        0.9558282208588957,
        0.9631901840490797,
        0.9607361963190184,
        0.9607361963190184,
        0.9631901840490797,
        0.9644171779141104,
        0.9595092024539877,
        0.9595092024539877,
        0.9619631901840491,
        0.9595092024539877,
        0.9595092024539877,
        0.9644171779141104,
        0.9668711656441717,
        0.9668711656441717,
        0.9656441717791411,
        0.9705521472392638
    ],
    "learning_rates": [
        0.001,
        0.001,
        0.001,
        0.001,
        0.001,
        0.001,
        0.001,
        0.001,
        0.001,
        0.001,
        0.001,
        0.0005,
        0.0005,
        0.0005,
        0.0005,
        0.0005,
        0.0005,
        0.0005,
        0.00025,
        0.00025,
        0.00025,
        0.00025,
        0.00025,
        0.00025,
        0.00025,
        0.00025,
        0.00025,
        0.00025,
        0.00025,
        0.00025,
        0.00025,
        0.00025,
        0.00025,
        0.00025,
        0.00025,
        0.000125,
        0.000125,
        0.000125,
        0.000125,
        0.000125
    ]
}